Workbook

Sheet Итог
A1: N (количество клиентов) | B1: 10000
A2: MDE (₽) | B2: 1000
A3: Прирост выручки | B3: =SUM('Положительные исходы'!O2:O200) -> 2636335.4
A4: Падение выручки | B4: =SUM('Отрицательные исходы'!O2:O200) -> -256139.2
A5: Баланс | B5: =B3+B4 -> 2380196.2
A6: Количество наблюдений | B6: =SUM('Нейтральные исходы'!O2:O200) -> 4240
A7: Всего наблюдений по всем ТТ | B7: 45318

Sheet Положительные исходы
A1: city | B1: id_trading_point | C1: count_test | D1: count_control | E1: count_all | F1: percent_count | G1: avg_payment_test | H1: avg_payment_control | I1: diff | J1: sigma_test | K1: sigma_control | L1: ttest | M1: pvalue_ttest | N1: label | O1: выгода/потери при N клиентов
A2: Казань | B2: 991 | C2: 270 | D2: 294 | E2: 564 | F2: 1.24 | G2: 3249.28 | H2: 2452.99 | I2: 796.3 | J2: 4719.59 | K2: 3633.94 | L2: 2.2308 | M2: 0.0261 | N2: Положительный | O2: =I2*Итог!$B$1*E2/Итог!$B$7 -> 99102.608
A3: Санкт-Петербург | B3: 453 | C3: 1066 | D3: 1049 | E3: 2115 | F3: 4.67 | G3: 2501.97 | H3: 1889.92 | I3: 612.04 | J3: 2993.44 | K3: 2648.66 | L3: 4.9818 | M3: 0 | N3: Положительный | O3: =I3*Итог!$B$1*E3/Итог!$B$7 -> 285640.28
A4: Санкт-Петербург | B4: 801 | C4: 225 | D4: 212 | E4: 437 | F4: 0.96 | G4: 2925.14 | H4: 2352.28 | I4: 572.86 | J4: 2774.29 | K4: 2928.29 | L4: 2.0966 | M4: 0.0366 | N4: Положительный | O4: =I4*Итог!$B$1*E4/Итог!$B$7 -> 55240.703
A5: Санкт-Петербург | B5: 573 | C5: 177 | D5: 160 | E5: 337 | F5: 0.74 | G5: 2929.05 | H5: 1641.21 | I5: 1287.83 | J5: 3201.1 | K5: 2619.04 | L5: 4.057 | M5: 0.0001 | N5: Положительный | O5: =I5*Итог!$B$1*E5/Итог!$B$7 -> 95767.401
A6: Санкт-Петербург | B6: 900 | C6: 335 | D6: 341 | E6: 676 | F6: 1.49 | G6: 2450.99 | H6: 1689.79 | I6: 761.2 | J6: 2865.61 | K6: 2492.47 | L6: 3.6824 | M6: 0.0003 | N6: Положительный | O6: =I6*Итог!$B$1*E6/Итог!$B$7 -> 113546.76
A7: Санкт-Петербург | B7: 117 | C7: 625 | D7: 587 | E7: 1212 | F7: 2.67 | G7: 2582.3 | H7: 2050.69 | I7: 531.61 | J7: 2835 | K7: 2595.74 | L7: 3.4076 | M7: 0.0007 | N7: Положительный | O7: =I7*Итог!$B$1*E7/Итог!$B$7 -> 142175.59
A8: Санкт-Петербург | B8: 213 | C8: 232 | D8: 255 | E8: 487 | F8: 1.07 | G8: 2977.63 | H8: 2277.61 | I8: 700.02 | J8: 2905.49 | K8: 2710.04 | L8: 2.7417 | M8: 0.0063 | N8: Положительный | O8: =I8*Итог!$B$1*E8/Итог!$B$7 -> 75226.122
A9: Санкт-Петербург | B9: 891 | C9: 159 | D9: 167 | E9: 326 | F9: 0.72 | G9: 2618.95 | H9: 1980.66 | I9: 638.29 | J9: 2899.78 | K9: 2489.57 | L9: 2.1277 | M9: 0.0342 | N9: Положительный | O9: =I9*Итог!$B$1*E9/Итог!$B$7 -> 45916.091
A10: Москва | B10: 2652 | C10: 2273 | D10: 2370 | E10: 4643 | F10: 10.25 | G10: 2506.62 | H10: 1972.85 | I10: 533.77 | J10: 2842.18 | K10: 2565.88 | L10: 6.7079 | M10: 0 | N10: Положительный | O10: =I10*Итог!$B$1*E10/Итог!$B$7 -> 546867.49
A11: Москва | B11: 1287 | C11: 370 | D11: 357 | E11: 727 | F11: 1.6 | G11: 2128.56 | H11: 1394.66 | I11: 733.9 | J11: 2437.38 | K11: 2338.46 | L11: 4.1434 | M11: 0 | N11: Положительный | O11: =I11*Итог!$B$1*E11/Итог!$B$7 -> 117733.64
A12: Москва | B12: 1654 | C12: 799 | D12: 775 | E12: 1574 | F12: 3.47 | G12: 3132.3 | H12: 2507.89 | I12: 624.42 | J12: 3199.66 | K12: 2950.51 | L12: 4.0267 | M12: 0.0001 | N12: Положительный | O12: =I12*Итог!$B$1*E12/Итог!$B$7 -> 216875.65
A13: Москва | B13: 1002 | C13: 138 | D13: 188 | E13: 326 | F13: 0.72 | G13: 4121.75 | H13: 1844.79 | I13: 2276.97 | J13: 4084.26 | K13: 2436.54 | L13: 5.8315 | M13: 0 | N13: Положительный | O13: =I13*Итог!$B$1*E13/Итог!$B$7 -> 163796.33
... A18: Самара | B18: 36 | C18: 131 | D18: 141 | E18: 272 | F18: 0.6 | G18: 1987.33 | H18: 860.42 | I18: 1126.91 | J18: 2718.5 | K18: 1840.83 | L18: 3.9731 | M18: 0.0001 | N18: Положительный | O18: =I18*Итог!$B$1*E18/Итог!$B$7 -> 67637.477

Sheet Отрицательные исходы
A1: city | B1: id_trading_point | C1: count_test | D1: count_control | E1: count_all | F1: percent_count | G1: avg_payment_test | H1: avg_payment_control | I1: diff | J1: sigma_test | K1: sigma_control | L1: ttest | M1: pvalue_ttest | N1: label | O1: выгода/потери при N клиентов
A2: Москва | B2: 9931 | C2: 153 | D2: 137 | E2: 290 | F2: 0.64 | G2: 1415.78 | H2: 1968.69 | I2: -552.91 | J2: 2038.16 | K2: 2403.4 | L2: -2.1001 | M2: 0.0367 | N2: Отрицательный | O2: =I2*Итог!$B$1*E2/Итог!$B$7 -> -35381.945
A3: Волгоград | B3: 66 | C3: 657 | D3: 703 | E3: 1360 | F3: 3 | G3: 2288.87 | H3: 2601.76 | I3: -312.89 | J3: 2682.57 | K3: 2830.19 | L3: -2.0931 | M3: 0.0365 | N3: Отрицательный | O3: =I3*Итог!$B$1*E3/Итог!$B$7 -> -93898.76
A4: Краснодар | B4: 1101 | C4: 785 | D4: 869 | E4: 1654 | F4: 3.65 | G4: 2176 | H4: 2523.58 | I4: -347.58 | J4: 2722.62 | K4: 2960.35 | L4: -2.4873 | M4: 0.013 | N4: Отрицательный | O4: =I4*Итог!$B$1*E4/Итог!$B$7 -> -126858.49

Sheet Нейтральные исходы
A1: city | B1: id_trading_point | C1: count_test | D1: count_control | E1: count_all | F1: percent_count | G1: avg_payment_test | H1: avg_payment_control | I1: diff | J1: sigma_test | K1: sigma_control | L1: ttest | M1: pvalue_ttest | N1: label | O1: необходимое кол-во наблюдений
A2: Красноярск | B2: 212 | C2: 593 | D2: 575 | E2: 1168 | F2: 2.58 | G2: 2144.32 | H2: 2222.05 | I2: -77.74 | J2: 2708.59 | K2: 2785.12 | L2: -0.4834 | M2: 0.6289 | N2: Нейтральный | O2: =ROUNDUP(16*K2^2/(Итог!$B$2^2),0) -> 125
A3: Красноярск | B3: 278 | C3: 535 | D3: 489 | E3: 1024 | F3: 2.26 | G3: 2499.35 | H3: 2185.21 | I3: 314.13 | J3: 2916 | K3: 2574.92 | L3: 1.8304 | M3: 0.0675 | N3: Нейтральный | O3: =ROUNDUP(16*K3^2/(Итог!$B$2^2),0) -> 107
A4: Красноярск | B4: 202 | C4: 551 | D4: 565 | E4: 1116 | F4: 2.46 | G4: 2927.34 | H4: 2730.38 | I4: 196.96 | J4: 2956.69 | K4: 2737.89 | L4: 1.154 | M4: 0.2488 | N4: Нейтральный | O4: =ROUNDUP(16*K4^2/(Итог!$B$2^2),0) -> 120
A5: Красноярск | B5: 444 | C5: 650 | D5: 562 | E5: 1212 | F5: 2.67 | G5: 2404.11 | H5: 2545.73 | I5: -141.63 | J5: 2810.83 | K5: 2797.14 | L5: -0.8771 | M5: 0.3806 | N5: Нейтральный | O5: =ROUNDUP(16*K5^2/(Итог!$B$2^2),0) -> 126
A6: Красноярск | B6: 277 | C6: 708 | D6: 709 | E6: 1417 | F6: 3.13 | G6: 2285.75 | H6: 2431.37 | I6: -145.62 | J6: 2712.68 | K6: 2868.59 | L6: -0.9817 | M6: 0.3264 | N6: Нейтральный | O6: =ROUNDUP(16*K6^2/(Итог!$B$2^2),0) -> 132
A7: Мурманск | B7: 54 | C7: 633 | D7: 640 | E7: 1273 | F7: 2.81 | G7: 1702.71 | H7: 1688.51 | I7: 14.2 | J7: 2565.13 | K7: 2628.01 | L7: 0.0976 | M7: 0.9223 | N7: Нейтральный | O7: =ROUNDUP(16*K7^2/(Итог!$B$2^2),0) -> 111
A8: Мурманск | B8: 55 | C8: 422 | D8: 425 | E8: 847 | F8: 1.87 | G8: 2109.11 | H8: 2111.27 | I8: -2.17 | J8: 2790.99 | K8: 2804.22 | L8: -0.0113 | M8: 0.991 | N8: Нейтральный | O8: =ROUNDUP(16*K8^2/(Итог!$B$2^2),0) -> 126
A9: Казань | B9: 699 | C9: 482 | D9: 494 | E9: 976 | F9: 2.15 | G9: 2422.29 | H9: 2574.35 | I9: -152.07 | J9: 3906.82 | K9: 4082.85 | L9: -0.5946 | M9: 0.5523 | N9: Нейтральный | O9: =ROUNDUP(16*K9^2/(Итог!$B$2^2),0) -> 267
A10: Казань | B10: 477 | C10: 382 | D10: 386 | E10: 768 | F10: 1.69 | G10: 2259.62 | H10: 2496.99 | I10: -237.36 | J10: 3482.85 | K10: 3881.99 | L10: -0.8921 | M10: 0.3726 | N10: Нейтральный | O10: =ROUNDUP(16*K10^2/(Итог!$B$2^2),0) -> 242
A11: Казань | B11: 544 | C11: 377 | D11: 416 | E11: 793 | F11: 1.75 | G11: 2621.43 | H11: 2635.55 | I11: -14.12 | J11: 3714.89 | K11: 4639.82 | L11: -0.0475 | M11: 0.9621 | N11: Нейтральный | O11: =ROUNDUP(16*K11^2/(Итог!$B$2^2),0) -> 345
A12: Казань | B12: 516 | C12: 634 | D12: 636 | E12: 1270 | F12: 2.8 | G12: 3237.2 | H12: 2880.48 | I12: 356.72 | J12: 4537.1 | K12: 3819.29 | L12: 1.5155 | M12: 0.1299 | N12: Нейтральный | O12: =ROUNDUP(16*K12^2/(Итог!$B$2^2),0) -> 234
A13: Казань | B13: 439 | C13: 355 | D13: 351 | E13: 706 | F13: 1.56 | G13: 2481.96 | H13: 2400.64 | I13: 81.33 | J13: 4040.44 | K13: 3722.12 | L13: 0.2782 | M13: 0.7809 | N13: Нейтральный | O13: =ROUNDUP(16*K13^2/(Итог!$B$2^2),0) -> 222
... A32: Дмитров | B32: 2 | C32: 78 | D32: 71 | E32: 149 | F32: 0.33 | G32: 579.33 | H32: 483.45 | I32: 95.88 | J32: 1860.76 | K32: 1654.92 | L32: 0.3329 | M32: 0.7397 | N32: Нейтральный | O32: =ROUNDUP(16*K32^2/(Итог!$B$2^2),0) -> 44
